Workbook

Sheet 1 Data Material DPP
A1: Category | B1: Parameter | C1: Data | D1: Unit | E1: Range | F1: Source
A2: 1. Identification and General Information | B2: ='[1]DPP Categories'!B2 -> Product Name | C2: Hempstone | D2: — | E2: — | F2: Technical data sheet 06/2025
B3: ='[1]DPP Categories'!B3 -> Product ID | C3: Z-17.25-1299 | D3: ID | E3: — | F3: German general type approval
B4: ='[1]DPP Categories'!B4 -> Object number | D4: GUID | E4: — | F4: BIM parameter
B5: ='[1]DPP Categories'!B5 -> Material Type | D5: — | E5: —
B6: ='[1]DPP Categories'!B6 -> Manufacturer | C6: Schönthaler Bausteinwerk GmbH | D6: — | E6: — | F6: German general type approval
B7: ='[1]DPP Categories'!B10 -> Traceability ID | E7: —
B8: ='[1]DPP Categories'!B11 -> Origin | C8: 39020 Oris (BZ) | D8: — | E8: —
B9: ='[1]DPP Categories'!B12 -> Version number | C9: HKZ 335 | D9: No. | E9: HKZ 335 - HKZ 360 | F9: German general type approval
A10: 2. Physical and Technical Properties | B10: ='[1]DPP Categories'!B13 -> Material | C10: Infill masonry made of hemp stones | D10: — | E10: — | F10: BIM parameter
B11: ='[1]DPP Categories'!B15 -> Composition | C11: Hemp-lime composite | D11: — | F11: Technical data sheet 06/2025
B12: ='[1]DPP Categories'!B16 -> Dimensions | C12: 8x50x20 | D12: cm | E12: 6x22x11; 8x50x20; 12x55x20; 15x50x20; 20x55x20; 24x55x20; 38x55x20; 44x55x20 | F12: Technical data sheet 2017
B13: ='[1]DPP Categories'!B17 -> Height | D13: mm
B14: ='[1]DPP Categories'!B18 -> Length | D14: mm
B15: ='[1]DPP Categories'!B19 -> Width | D15: mm
B16: ='[1]DPP Categories'!B20 -> Volume | D16: —
B17: ='[1]DPP Categories'!B21 -> Dry density | C17: 335 | D17: kg/m³ | E17: 310-360 | F17: EPD 2025
B18: ='[1]DPP Categories'!B22 -> Equilibrium density | C18: 405 | D18: kg/m³ | E18: 390-450 | F18: EPD 2025
B19: ='[1]DPP Categories'!B23 -> Weight
B20: ='[1]DPP Categories'!B24 -> Compressive strength | C20: 0.5 | D20: Mpa | F20: Technical data sheet 06/2025
B21: ='[1]DPP Categories'!B25 -> Shear strength | C21: 0.12 | D21: Mpa | F21: Hempblock brochure
B22: ='[1]DPP Categories'!B31 -> Water vapour diffusion resistance when wet | C22: 3.8 | D22: μ | F22: Technical data sheet 06/2025
B23: ='[1]DPP Categories'!B32 -> Water vapour diffusion resistance when dry | C23: 4.3 | D23: μ | F23: Technical data sheet 06/2025
B24: ='[1]DPP Categories'!B33 -> Water vapour absorption resistance | C24: 19 | D24: d[g/m²vh] | F24: Technical data sheet 06/2025
B25: ='[1]DPP Categories'!B34 -> Standard compliance | C25: Yes | D25: — | E25: Yes/No | F25: German general type approval
A26: 3. Circularity and End-of-Life Information | B26: ='[1]DPP Categories'!B37 -> Prefabrication | C26: Yes | D26: — | E26: Yes/No | F26: Report for KBOB list
B27: ='[1]DPP Categories'!B38 -> Prefabrication factor | D27: Score | E27: 1 (Yes) - 0 (No) | F27: Range Atta et al. 2021
B28: ='[1]DPP Categories'!B39 -> Deconstructability score | D28: Score | E28: 0.0-1.0 | F28: Range Atta et al. 2021
B29: ='[1]DPP Categories'!B40 -> Recycling potential | D29: % | E29: 1-100% | F29: Technical data sheet 2017
B30: ='[1]DPP Categories'!B41 -> Reusability | D30: — | E30: Yes/No | F30: EPD 2025
B31: ='[1]DPP Categories'!B42 -> Reusability potential | D31: Score | E31: 0-1 | F31: Range Atta et al. 2021
B32: ='[1]DPP Categories'!B43 -> Recovery score | D32: Score | E32: 0.0-1.0 | F32: Range Atta et al. 2021
B33: ='[1]DPP Categories'!B44 -> Disassembly potential | D33: Score | E33: 1 (Dificult)- 2 (Moderate)- 3 (Easy) | F33: Range assigned
B34: ='[1]DPP Categories'!B45 -> Disassembly instructions | C34: Mechanical dismantling: Crushing and Sieving for Recycling | D34: — | F34: EPD 2025
B35: ='[1]DPP Categories'!B46 -> Secondary use scenarios | C35: Reused on the construction site for applications requiring increased density, such as floor material | D35: — | F35: EPD 2025
B36: ='[1]DPP Categories'!B47 -> End-of-life recommendation | C36: Composting and soil improvement; Disposal via incineration | D36: — | F36: EPD 2025
A37: 4. Environmental Performance and LCA Data | B37: ='[1]DPP Categories'!B48 -> EPD | C37: Yes | D37: — | E37: Yes/No | F37: By manufacturer
B38: ='[1]DPP Categories'!B49 -> Link EPD | C38: https://www.bau-epd.at/epd/data/schoenthaler-bausteinwerk-gmbh-hanfsteine-ecoinvent-2025 | D38: URL | E38: — | F38: By manufacturer
B39: ='[1]DPP Categories'!B50 -> Global Warming Potential (GWP) | D39: kg CO₂eq./ Block
B40: ='[1]DPP Categories'!B51 -> Primary Energy Intensity (PEI) Renewable | D40: MJ
B41: ='[1]DPP Categories'!B52 -> Primary Energy Intensity (PEI) Non-renewable | D41: MJ
B42: ='[1]DPP Categories'!B53 -> Acidification Potential (AP) | D42: kg SO₂ eq.
B43: ='[1]DPP Categories'!B54 -> Embodied carbon | D43: kg CO₂eq./ Block
B44: ='[1]DPP Categories'!B55 -> Biogenic carbon storage | D44: kg CO₂eq./ Block
B45: ='[1]DPP Categories'!B56 -> End-of-life emissions | D45: kg CO₂eq./ Block
B46: ='[1]DPP Categories'!B57 -> Circularity index | D46: % | E46: 0-100 | F46: Range assigned
B47: ='[1]DPP Categories'!B58 -> Normalized environmental performance | D47: Score | E47: 0.0-1.0 | F47: Range Atta et al. 2021
B48: ='[1]DPP Categories'!B59 -> Secondary life weighting | D48: Score | E48: 0.0-1.0 | F48: Range Atta et al. 2021
B49: ='[1]DPP Categories'!B60 -> Environmental score | D49: Score | E49: 0.0-1.0 | F49: Range Atta et al. 2021
A50: 5. Condition, Maintenance, and Temporal Data | B50: ='[1]DPP Categories'!B61 -> Service life | C50: 100 | D50: years | F50: Technical data sheet 06/2025
B51: ='[1]DPP Categories'!B63 -> Soursing distance | C51: <500 | D51: km | F51: By manufacturer
B52: ='[1]DPP Categories'!B64 -> Warranty | C52: No | D52: — | E52: Yes/No | F52: By manufacturer
B53: ='[1]DPP Categories'!B66 -> Update history | D53: Date | E53: —
A54: 6. Safety and Compliance | B54: ='[1]DPP Categories'!B67 -> HPD | C54: No | D54: — | E54: Yes/No | F54: By manufacturer
B55: ='[1]DPP Categories'!B68 -> Link HPD | C55: — | D55: URL | E55: — | F55: By manufacturer
B56: ='[1]DPP Categories'!B69 -> Hazard classification | C56: Not classified as hazardous | D56: — | E56: Category 1- 4 | F56: Technical data sheet 06/2025 (Range GHS)
B57: ='[1]DPP Categories'!B70 -> PM | D57: CTUh per block
B58: ='[1]DPP Categories'!B71 -> IRP | D58: kBq U-235 eq per block
B59: ='[1]DPP Categories'!B72 -> ETP-fw | D59: CTUe (Block)
B60: ='[1]DPP Categories'!B73 -> HTP-c | D60: CTUh (Block)
B61: ='[1]DPP Categories'!B74 -> HTP-nc | D61: CTUh (Block)
B62: ='[1]DPP Categories'!B75 -> SQP | D62: —
B63: ='[1]DPP Categories'!B76 -> Toxicity | C63: No | D63: — | E63: Yes/No | F63: Technical data sheet 06/2025
B64: ='[1]DPP Categories'!B77 -> Class | C64: B (Very limited contribution to fire) | D64: — | F64: Technical data sheet 06/2025
B65: ='[1]DPP Categories'!B78 -> s-subclass | C65: s1 (Little or no smoke) | D65: — | F65: Technical data sheet 06/2025
B66: ='[1]DPP Categories'!B79 -> d_subclass | C66: d0 (No flaming droplets or particles) | D66: — | F66: Technical data sheet 06/2025
B67: ='[1]DPP Categories'!B80 -> Fire resistance | C67: B-s1; d0 | D67: — | F67: Technical data sheet 06/2025
B68: ='[1]DPP Categories'!B81 -> Coatings | C68: Yes | D68: — | E68: Yes/No | F68: Technical data sheet 06/2025
B69: ='[1]DPP Categories'!B82 -> Coatings or treatments | C69: Plastering (respiratiry -active), Painting (Lime milk paint or Clay paint) | D69: — | F69: Technical data sheet 06/2025
B70: ='[1]DPP Categories'!B84 -> Compliance certificates | C70: Yes | D70: — | E70: Yes/No | F70: General type approval from DIBT (German Institute for Building Technology)
A71: 7. Cultural and Sensory Information | B71: ='[1]DPP Categories'!B87 -> Material perception & sensory qualities
B72: ='[1]DPP Categories'!B88 -> Cultural or regional relevance
B73: ='[1]DPP Categories'!B89 -> Aesthetic evolution
B74: ='[1]DPP Categories'!B93 -> Material Comfort
B75: ='[1]DPP Categories'!B94 -> Craft or community engagement
A76: 8. Economic and Cost Information | B76: ='[1]DPP Categories'!B95 -> Material unit cost | C76: 3.8 | D76: €/Unit | E76: 0.80-15.50 | F76: Price list provided by manufacturer
B77: ='[1]DPP Categories'!B98 -> Economic circularity benefit
B78: ='[1]DPP Categories'!B99 -> Replacement cost

Sheet Gap Analysis
A1: Category | B1: Parameter | C1: Available in Manufacturer Documentation | D1: Range Available? | E1: Data Source (if available) | F1: Gap Identified | G1: Proposed Supplementary Source | H1: Notes
A2: 1. Identification and General Information | B2: =+'1 Data Material DPP'!B2 -> Product Name | C2: =IF('1 Data Material DPP'!C2<>"","Yes","No") -> Yes | D2: =+IF('1 Data Material DPP'!E2="—","—",IF('1 Data Material DPP'!E2<>"","Yes","No")) -> — | E2: =+'1 Data Material DPP'!F2 -> Technical data sheet 06/2025 | F2: =IF(AND(C2="Yes",OR(D2="Yes",D2="—")),"No","Yes") -> No
B3: =+'1 Data Material DPP'!B3 -> Product ID | C3: =IF('1 Data Material DPP'!C3<>"","Yes","No") -> Yes | D3: =+IF('1 Data Material DPP'!E3="—","—",IF('1 Data Material DPP'!E3<>"","Yes","No")) -> — | E3: =+'1 Data Material DPP'!F3 -> German general type approval | F3: =IF(AND(C3="Yes",OR(D3="Yes",D3="—")),"No","Yes") -> No
B4: =+'1 Data Material DPP'!B4 -> Object number | C4: =IF('1 Data Material DPP'!C4<>"","Yes","No") -> No | D4: =+IF('1 Data Material DPP'!E4="—","—",IF('1 Data Material DPP'!E4<>"","Yes","No")) -> — | E4: =+'1 Data Material DPP'!F4 -> BIM parameter | F4: =IF(AND(C4="Yes",OR(D4="Yes",D4="—")),"No","Yes") -> Yes | G4: BIM parameter | H4: After IFC exporting
B5: =+'1 Data Material DPP'!B5 -> Material Type | C5: =IF('1 Data Material DPP'!C5<>"","Yes","No") -> No | D5: =+IF('1 Data Material DPP'!E5="—","—",IF('1 Data Material DPP'!E5<>"","Yes","No")) -> — | E5: =+'1 Data Material DPP'!F5 -> 0 | F5: =IF(AND(C5="Yes",OR(D5="Yes",D5="—")),"No","Yes") -> Yes | G5: IFC standard | H5: After IFC exporting
B6: =+'1 Data Material DPP'!B6 -> Manufacturer | C6: =IF('1 Data Material DPP'!C6<>"","Yes","No") -> Yes | D6: =+IF('1 Data Material DPP'!E6="—","—",IF('1 Data Material DPP'!E6<>"","Yes","No")) -> — | E6: =+'1 Data Material DPP'!F6 -> German general type approval | F6: =IF(AND(C6="Yes",OR(D6="Yes",D6="—")),"No","Yes") -> No
B7: =+'1 Data Material DPP'!B7 -> Traceability ID | C7: =IF('1 Data Material DPP'!C7<>"","Yes","No") -> No | D7: =+IF('1 Data Material DPP'!E7="—","—",IF('1 Data Material DPP'!E7<>"","Yes","No")) -> — | E7: =+'1 Data Material DPP'!F7 -> 0 | F7: =IF(AND(C7="Yes",OR(D7="Yes",D7="—")),"No","Yes") -> Yes | G7: BIM parameter | H7: After IFC exporting
B8: =+'1 Data Material DPP'!B8 -> Origin | C8: =IF('1 Data Material DPP'!C8<>"","Yes","No") -> Yes | D8: =+IF('1 Data Material DPP'!E8="—","—",IF('1 Data Material DPP'!E8<>"","Yes","No")) -> — | E8: =+'1 Data Material DPP'!F8 -> 0 | F8: =IF(AND(C8="Yes",OR(D8="Yes",D8="—")),"No","Yes") -> No
B9: =+'1 Data Material DPP'!B9 -> Version number | C9: =IF('1 Data Material DPP'!C9<>"","Yes","No") -> Yes | D9: =+IF('1 Data Material DPP'!E9="—","—",IF('1 Data Material DPP'!E9<>"","Yes","No")) -> Yes | E9: =+'1 Data Material DPP'!F9 -> German general type approval | F9: =IF(AND(C9="Yes",OR(D9="Yes",D9="—")),"No","Yes") -> No
A10: 2. Physical and Technical Properties | B10: =+'1 Data Material DPP'!B10 -> Material | C10: =IF('1 Data Material DPP'!C10<>"","Yes","No") -> Yes | D10: =+IF('1 Data Material DPP'!E10="—","—",IF('1 Data Material DPP'!E10<>"","Yes","No")) -> — | E10: =+'1 Data Material DPP'!F10 -> BIM parameter | F10: =IF(AND(C10="Yes",OR(D10="Yes",D10="—")),"No","Yes") -> No
B11: =+'1 Data Material DPP'!B11 -> Composition | C11: =IF('1 Data Material DPP'!C11<>"","Yes","No") -> Yes | D11: =+IF('1 Data Material DPP'!E11="—","—",IF('1 Data Material DPP'!E11<>"","Yes","No")) -> No | E11: =+'1 Data Material DPP'!F11 -> Technical data sheet 06/2025 | F11: =IF(AND(C11="Yes",OR(D11="Yes",D11="—")),"No","Yes") -> Yes | G11: Literature
B12: =+'1 Data Material DPP'!B12 -> Dimensions | C12: =IF('1 Data Material DPP'!C12<>"","Yes","No") -> Yes | D12: =+IF('1 Data Material DPP'!E12="—","—",IF('1 Data Material DPP'!E12<>"","Yes","No")) -> Yes | E12: =+'1 Data Material DPP'!F12 -> Technical data sheet 2017 | F12: =IF(AND(C12="Yes",OR(D12="Yes",D12="—")),"No","Yes") -> No
B13: =+'1 Data Material DPP'!B13 -> Height | C13: =IF('1 Data Material DPP'!C13<>"","Yes","No") -> No | D13: =+IF('1 Data Material DPP'!E13="—","—",IF('1 Data Material DPP'!E13<>"","Yes","No")) -> No | E13: =+'1 Data Material DPP'!F13 -> 0 | F13: =IF(AND(C13="Yes",OR(D13="Yes",D13="—")),"No","Yes") -> Yes | G13: BIM parameter | H13: In model
B14: =+'1 Data Material DPP'!B14 -> Length | C14: =IF('1 Data Material DPP'!C14<>"","Yes","No") -> No | D14: =+IF('1 Data Material DPP'!E14="—","—",IF('1 Data Material DPP'!E14<>"","Yes","No")) -> No | E14: =+'1 Data Material DPP'!F14 -> 0 | F14: =IF(AND(C14="Yes",OR(D14="Yes",D14="—")),"No","Yes") -> Yes | G14: BIM parameter | H14: In model
B15: =+'1 Data Material DPP'!B15 -> Width | C15: =IF('1 Data Material DPP'!C15<>"","Yes","No") -> No | D15: =+IF('1 Data Material DPP'!E15="—","—",IF('1 Data Material DPP'!E15<>"","Yes","No")) -> No | E15: =+'1 Data Material DPP'!F15 -> 0 | F15: =IF(AND(C15="Yes",OR(D15="Yes",D15="—")),"No","Yes") -> Yes | G15: BIM parameter | H15: In model
B16: =+'1 Data Material DPP'!B16 -> Volume | C16: =IF('1 Data Material DPP'!C16<>"","Yes","No") -> No | D16: =+IF('1 Data Material DPP'!E16="—","—",IF('1 Data Material DPP'!E16<>"","Yes","No")) -> No | E16: =+'1 Data Material DPP'!F16 -> 0 | F16: =IF(AND(C16="Yes",OR(D16="Yes",D16="—")),"No","Yes") -> Yes | G16: Calculate | H16: See formula file (Range by family type)
B17: =+'1 Data Material DPP'!B17 -> Dry density | C17: =IF('1 Data Material DPP'!C17<>"","Yes","No") -> Yes | D17: =+IF('1 Data Material DPP'!E17="—","—",IF('1 Data Material DPP'!E17<>"","Yes","No")) -> Yes | E17: =+'1 Data Material DPP'!F17 -> EPD 2025 | F17: =IF(AND(C17="Yes",OR(D17="Yes",D17="—")),"No","Yes") -> No
B18: =+'1 Data Material DPP'!B18 -> Equilibrium density | C18: =IF('1 Data Material DPP'!C18<>"","Yes","No") -> Yes | D18: =+IF('1 Data Material DPP'!E18="—","—",IF('1 Data Material DPP'!E18<>"","Yes","No")) -> Yes | E18: =+'1 Data Material DPP'!F18 -> EPD 2025 | F18: =IF(AND(C18="Yes",OR(D18="Yes",D18="—")),"No","Yes") -> No
B19: =+'1 Data Material DPP'!B19 -> Weight | C19: =IF('1 Data Material DPP'!C19<>"","Yes","No") -> No | D19: =+IF('1 Data Material DPP'!E19="—","—",IF('1 Data Material DPP'!E19<>"","Yes","No")) -> No | E19: =+'1 Data Material DPP'!F19 -> 0 | F19: =IF(AND(C19="Yes",OR(D19="Yes",D19="—")),"No","Yes") -> Yes | G19: Calculate | H19: See formula file (Range by family type)
B20: =+'1 Data Material DPP'!B20 -> Compressive strength | C20: =IF('1 Data Material DPP'!C20<>"","Yes","No") -> Yes | D20: =+IF('1 Data Material DPP'!E20="—","—",IF('1 Data Material DPP'!E20<>"","Yes","No")) -> No | E20: =+'1 Data Material DPP'!F20 -> Technical data sheet 06/2025 | F20: =IF(AND(C20="Yes",OR(D20="Yes",D20="—")),"No","Yes") -> Yes | G20: Literature | H20: Range by Steyn et al., 2025; Asghari & Memari, 2024
B21: =+'1 Data Material DPP'!B21 -> Shear strength | C21: =IF('1 Data Material DPP'!C21<>"","Yes","No") -> Yes | D21: =+IF('1 Data Material DPP'!E21="—","—",IF('1 Data Material DPP'!E21<>"","Yes","No")) -> No | E21: =+'1 Data Material DPP'!F21 -> Hempblock brochure | F21: =IF(AND(C21="Yes",OR(D21="Yes",D21="—")),"No","Yes") -> Yes | G21: Literature | H21: Range by Steyn et al., 2025; Brzyski et al., 2020
B22: =+'1 Data Material DPP'!B22 -> Water vapour diffusion resistance when wet | C22: =IF('1 Data Material DPP'!C22<>"","Yes","No") -> Yes | D22: =+IF('1 Data Material DPP'!E22="—","—",IF('1 Data Material DPP'!E22<>"","Yes","No")) -> No | E22: =+'1 Data Material DPP'!F22 -> Technical data sheet 06/2025 | F22: =IF(AND(C22="Yes",OR(D22="Yes",D22="—")),"No","Yes") -> Yes | G22: Literature
B23: =+'1 Data Material DPP'!B23 -> Water vapour diffusion resistance when dry | C23: =IF('1 Data Material DPP'!C23<>"","Yes","No") -> Yes | D23: =+IF('1 Data Material DPP'!E23="—","—",IF('1 Data Material DPP'!E23<>"","Yes","No")) -> No | E23: =+'1 Data Material DPP'!F23 -> Technical data sheet 06/2025 | F23: =IF(AND(C23="Yes",OR(D23="Yes",D23="—")),"No","Yes") -> Yes | G23: Literature
B24: =+'1 Data Material DPP'!B24 -> Water vapour absorption resistance | C24: =IF('1 Data Material DPP'!C24<>"","Yes","No") -> Yes | D24: =+IF('1 Data Material DPP'!E24="—","—",IF('1 Data Material DPP'!E24<>"","Yes","No")) -> No | E24: =+'1 Data Material DPP'!F24 -> Technical data sheet 06/2025 | F24: =IF(AND(C24="Yes",OR(D24="Yes",D24="—")),"No","Yes") -> Yes | G24: Literature
B25: =+'1 Data Material DPP'!B25 -> Standard compliance | C25: =IF('1 Data Material DPP'!C25<>"","Yes","No") -> Yes | D25: =+IF('1 Data Material DPP'!E25="—","—",IF('1 Data Material DPP'!E25<>"","Yes","No")) -> Yes | E25: =+'1 Data Material DPP'!F25 -> German general type approval | F25: =IF(AND(C25="Yes",OR(D25="Yes",D25="—")),"No","Yes") -> No
A26: 3. Circularity and End-of-Life Information | B26: =+'1 Data Material DPP'!B26 -> Prefabrication | C26: =IF('1 Data Material DPP'!C26<>"","Yes","No") -> Yes | D26: =+IF('1 Data Material DPP'!E26="—","—",IF('1 Data Material DPP'!E26<>"","Yes","No")) -> Yes | E26: =+'1 Data Material DPP'!F26 -> Report for KBOB list | F26: =IF(AND(C26="Yes",OR(D26="Yes",D26="—")),"No","Yes") -> No
B27: =+'1 Data Material DPP'!B27 -> Prefabrication factor | C27: =IF('1 Data Material DPP'!C27<>"","Yes","No") -> No | D27: =+IF('1 Data Material DPP'!E27="—","—",IF('1 Data Material DPP'!E27<>"","Yes","No")) -> Yes | E27: =+'1 Data Material DPP'!F27 -> Range Atta et al. 2021 | F27: =IF(AND(C27="Yes",OR(D27="Yes",D27="—")),"No","Yes") -> Yes | G27: Assign | H27: If statement - see formula file (Rp)
B28: =+'1 Data Material DPP'!B28 -> Deconstructability score | C28: =IF('1 Data Material DPP'!C28<>"","Yes","No") -> No | D28: =+IF('1 Data Material DPP'!E28="—","—",IF('1 Data Material DPP'!E28<>"","Yes","No")) -> Yes | E28: =+'1 Data Material DPP'!F28 -> Range Atta et al. 2021 | F28: =IF(AND(C28="Yes",OR(D28="Yes",D28="—")),"No","Yes") -> Yes | G28: Calculate | H28: D=(Dc+Rp)/2 (See formula file)
B29: =+'1 Data Material DPP'!B29 -> Recycling potential | C29: =IF('1 Data Material DPP'!C29<>"","Yes","No") -> No | D29: =+IF('1 Data Material DPP'!E29="—","—",IF('1 Data Material DPP'!E29<>"","Yes","No")) -> Yes | E29: =+'1 Data Material DPP'!F29 -> Technical data sheet 2017 | F29: =IF(AND(C29="Yes",OR(D29="Yes",D29="—")),"No","Yes") -> Yes | H29: (Rc)=%/100
B30: =+'1 Data Material DPP'!B30 -> Reusability | C30: =IF('1 Data Material DPP'!C30<>"","Yes","No") -> No | D30: =+IF('1 Data Material DPP'!E30="—","—",IF('1 Data Material DPP'!E30<>"","Yes","No")) -> Yes | E30: =+'1 Data Material DPP'!F30 -> EPD 2025 | F30: =IF(AND(C30="Yes",OR(D30="Yes",D30="—")),"No","Yes") -> Yes
B31: =+'1 Data Material DPP'!B31 -> Reusability potential | C31: =IF('1 Data Material DPP'!C31<>"","Yes","No") -> No | D31: =+IF('1 Data Material DPP'!E31="—","—",IF('1 Data Material DPP'!E31<>"","Yes","No")) -> Yes | E31: =+'1 Data Material DPP'!F31 -> Range Atta et al. 2021 | F31: =IF(AND(C31="Yes",OR(D31="Yes",D31="—")),"No","Yes") -> Yes | G31: Assign | H31: If statement - see formula file (Ru)
B32: =+'1 Data Material DPP'!B32 -> Recovery score | C32: =IF('1 Data Material DPP'!C32<>"","Yes","No") -> No | D32: =+IF('1 Data Material DPP'!E32="—","—",IF('1 Data Material DPP'!E32<>"","Yes","No")) -> Yes | E32: =+'1 Data Material DPP'!F32 -> Range Atta et al. 2021 | F32: =IF(AND(C32="Yes",OR(D32="Yes",D32="—")),"No","Yes") -> Yes | G32: Calculate | H32: R=(Ru+Rc+Nx+Nc)/4
B33: =+'1 Data Material DPP'!B33 -> Disassembly potential | C33: =IF('1 Data Material DPP'!C33<>"","Yes","No") -> No | D33: =+IF('1 Data Material DPP'!E33="—","—",IF('1 Data Material DPP'!E33<>"","Yes","No")) -> Yes | E33: =+'1 Data Material DPP'!F33 -> Range assigned | F33: =IF(AND(C33="Yes",OR(D33="Yes",D33="—")),"No","Yes") -> Yes | G33: Assign | H33: Based on Range
B34: =+'1 Data Material DPP'!B34 -> Disassembly instructions | C34: =IF('1 Data Material DPP'!C34<>"","Yes","No") -> Yes | D34: =+IF('1 Data Material DPP'!E34="—","—",IF('1 Data Material DPP'!E34<>"","Yes","No")) -> No | E34: =+'1 Data Material DPP'!F34 -> EPD 2025 | F34: =IF(AND(C34="Yes",OR(D34="Yes",D34="—")),"No","Yes") -> Yes | G34: Literature
B35: =+'1 Data Material DPP'!B35 -> Secondary use scenarios | C35: =IF('1 Data Material DPP'!C35<>"","Yes","No") -> Yes | D35: =+IF('1 Data Material DPP'!E35="—","—",IF('1 Data Material DPP'!E35<>"","Yes","No")) -> No | E35: =+'1 Data Material DPP'!F35 -> EPD 2025 | F35: =IF(AND(C35="Yes",OR(D35="Yes",D35="—")),"No","Yes") -> Yes | G35: Literature
B36: =+'1 Data Material DPP'!B36 -> End-of-life recommendation | C36: =IF('1 Data Material DPP'!C36<>"","Yes","No") -> Yes | D36: =+IF('1 Data Material DPP'!E36="—","—",IF('1 Data Material DPP'!E36<>"","Yes","No")) -> No | E36: =+'1 Data Material DPP'!F36 -> EPD 2025 | F36: =IF(AND(C36="Yes",OR(D36="Yes",D36="—")),"No","Yes") -> Yes | G36: Literature
A37: 4. Environmental Performance and LCA Data | B37: =+'1 Data Material DPP'!B37 -> EPD | C37: =IF('1 Data Material DPP'!C37<>"","Yes","No") -> Yes | D37: =+IF('1 Data Material DPP'!E37="—","—",IF('1 Data Material DPP'!E37<>"","Yes","No")) -> Yes | E37: =+'1 Data Material DPP'!F37 -> By manufacturer | F37: =IF(AND(C37="Yes",OR(D37="Yes",D37="—")),"No","Yes") -> No
B38: =+'1 Data Material DPP'!B38 -> Link EPD | C38: =IF('1 Data Material DPP'!C38<>"","Yes","No") -> Yes | D38: =+IF('1 Data Material DPP'!E38="—","—",IF('1 Data Material DPP'!E38<>"","Yes","No")) -> — | E38: =+'1 Data Material DPP'!F38 -> By manufacturer | F38: =IF(AND(C38="Yes",OR(D38="Yes",D38="—")),"No","Yes") -> No
B39: =+'1 Data Material DPP'!B39 -> Global Warming Potential (GWP) | C39: =IF('1 Data Material DPP'!C39<>"","Yes","No") -> No | D39: =+IF('1 Data Material DPP'!E39="—","—",IF('1 Data Material DPP'!E39<>"","Yes","No")) -> No | E39: =+'1 Data Material DPP'!F39 -> 0 | F39: =IF(AND(C39="Yes",OR(D39="Yes",D39="—")),"No","Yes") -> Yes | G39: Calculate | H39: Sum of total GWP of avalable stages / funtional unit (See formula file)
B40: =+'1 Data Material DPP'!B40 -> Primary Energy Intensity (PEI) Renewable | C40: =IF('1 Data Material DPP'!C40<>"","Yes","No") -> No | D40: =+IF('1 Data Material DPP'!E40="—","—",IF('1 Data Material DPP'!E40<>"","Yes","No")) -> No | E40: =+'1 Data Material DPP'!F40 -> 0 | F40: =IF(AND(C40="Yes",OR(D40="Yes",D40="—")),"No","Yes") -> Yes | G40: Calculate | H40: Sum of PERT of avalable stages / funtional unit (See formula file)
B41: =+'1 Data Material DPP'!B41 -> Primary Energy Intensity (PEI) Non-renewable | C41: =IF('1 Data Material DPP'!C41<>"","Yes","No") -> No | D41: =+IF('1 Data Material DPP'!E41="—","—",IF('1 Data Material DPP'!E41<>"","Yes","No")) -> No | E41: =+'1 Data Material DPP'!F41 -> 0 | F41: =IF(AND(C41="Yes",OR(D41="Yes",D41="—")),"No","Yes") -> Yes | G41: Calculate | H41: Sum of PERNT of avalable stages / funtional unit (See formula file)
B42: =+'1 Data Material DPP'!B42 -> Acidification Potential (AP) | C42: =IF('1 Data Material DPP'!C42<>"","Yes","No") -> No | D42: =+IF('1 Data Material DPP'!E42="—","—",IF('1 Data Material DPP'!E42<>"","Yes","No")) -> No | E42: =+'1 Data Material DPP'!F42 -> 0 | F42: =IF(AND(C42="Yes",OR(D42="Yes",D42="—")),"No","Yes") -> Yes | G42: Calculate | H42: Sum of AP of avalable stages / funtional unit (See formula file)
B43: =+'1 Data Material DPP'!B43 -> Embodied carbon | C43: =IF('1 Data Material DPP'!C43<>"","Yes","No") -> No | D43: =+IF('1 Data Material DPP'!E43="—","—",IF('1 Data Material DPP'!E43<>"","Yes","No")) -> No | E43: =+'1 Data Material DPP'!F43 -> 0 | F43: =IF(AND(C43="Yes",OR(D43="Yes",D43="—")),"No","Yes") -> Yes | G43: Calculate | H43: Sum of total GWP of A-stage / funtional unit (See formula file)
B44: =+'1 Data Material DPP'!B44 -> Biogenic carbon storage | C44: =IF('1 Data Material DPP'!C44<>"","Yes","No") -> No | D44: =+IF('1 Data Material DPP'!E44="—","—",IF('1 Data Material DPP'!E44<>"","Yes","No")) -> No | E44: =+'1 Data Material DPP'!F44 -> 0 | F44: =IF(AND(C44="Yes",OR(D44="Yes",D44="—")),"No","Yes") -> Yes | G44: Calculate | H44: EPD biogenic (EN 15804+A2) / funtional unit (See formula file)
B45: =+'1 Data Material DPP'!B45 -> End-of-life emissions | C45: =IF('1 Data Material DPP'!C45<>"","Yes","No") -> No | D45: =+IF('1 Data Material DPP'!E45="—","—",IF('1 Data Material DPP'!E45<>"","Yes","No")) -> No | E45: =+'1 Data Material DPP'!F45 -> 0 | F45: =IF(AND(C45="Yes",OR(D45="Yes",D45="—")),"No","Yes") -> Yes | G45: Calculate | H45: Sum of total GWP of C-stage / funtional unit (See formula file)
B46: =+'1 Data Material DPP'!B46 -> Circularity index | C46: =IF('1 Data Material DPP'!C46<>"","Yes","No") -> No | D46: =+IF('1 Data Material DPP'!E46="—","—",IF('1 Data Material DPP'!E46<>"","Yes","No")) -> Yes | E46: =+'1 Data Material DPP'!F46 -> Range assigned | F46: =IF(AND(C46="Yes",OR(D46="Yes",D46="—")),"No","Yes") -> Yes | G46: Assign | H46: Based on Range
B47: =+'1 Data Material DPP'!B47 -> Normalized environmental performance | C47: =IF('1 Data Material DPP'!C47<>"","Yes","No") -> No | D47: =+IF('1 Data Material DPP'!E47="—","—",IF('1 Data Material DPP'!E47<>"","Yes","No")) -> Yes | E47: =+'1 Data Material DPP'!F47 -> Range Atta et al. 2021 | F47: =IF(AND(C47="Yes",OR(D47="Yes",D47="—")),"No","Yes") -> Yes | G47: Calculate | H47: (Ei) = 1 - (GWP / GWPmax) - see formula file
B48: =+'1 Data Material DPP'!B48 -> Secondary life weighting | C48: =IF('1 Data Material DPP'!C48<>"","Yes","No") -> No | D48: =+IF('1 Data Material DPP'!E48="—","—",IF('1 Data Material DPP'!E48<>"","Yes","No")) -> Yes | E48: =+'1 Data Material DPP'!F48 -> Range Atta et al. 2021 | F48: =IF(AND(C48="Yes",OR(D48="Yes",D48="—")),"No","Yes") -> Yes | G48: Calculate | H48: (w) = R x (Rmax -Rmin) + Rmin (Rmax=1.0 Rmin=0.5) see formula file
B49: =+'1 Data Material DPP'!B49 -> Environmental score | C49: =IF('1 Data Material DPP'!C49<>"","Yes","No") -> No | D49: =+IF('1 Data Material DPP'!E49="—","—",IF('1 Data Material DPP'!E49<>"","Yes","No")) -> Yes | E49: =+'1 Data Material DPP'!F49 -> Range Atta et al. 2021 | F49: =IF(AND(C49="Yes",OR(D49="Yes",D49="—")),"No","Yes") -> Yes | G49: Calculate | H49: E=Ei x w
A50: 5. Condition, Maintenance, and Temporal Data | B50: =+'1 Data Material DPP'!B50 -> Service life | C50: =IF('1 Data Material DPP'!C50<>"","Yes","No") -> Yes | D50: =+IF('1 Data Material DPP'!E50="—","—",IF('1 Data Material DPP'!E50<>"","Yes","No")) -> No | E50: =+'1 Data Material DPP'!F50 -> Technical data sheet 06/2025 | F50: =IF(AND(C50="Yes",OR(D50="Yes",D50="—")),"No","Yes") -> Yes | G50: Literature
B51: =+'1 Data Material DPP'!B51 -> Soursing distance | C51: =IF('1 Data Material DPP'!C51<>"","Yes","No") -> Yes | D51: =+IF('1 Data Material DPP'!E51="—","—",IF('1 Data Material DPP'!E51<>"","Yes","No")) -> No | E51: =+'1 Data Material DPP'!F51 -> By manufacturer | F51: =IF(AND(C51="Yes",OR(D51="Yes",D51="—")),"No","Yes") -> Yes | G51: Literature
B52: =+'1 Data Material DPP'!B52 -> Warranty | C52: =IF('1 Data Material DPP'!C52<>"","Yes","No") -> Yes | D52: =+IF('1 Data Material DPP'!E52="—","—",IF('1 Data Material DPP'!E52<>"","Yes","No")) -> Yes | E52: =+'1 Data Material DPP'!F52 -> By manufacturer | F52: =IF(AND(C52="Yes",OR(D52="Yes",D52="—")),"No","Yes") -> No
B53: =+'1 Data Material DPP'!B53 -> Update history | C53: =IF('1 Data Material DPP'!C53<>"","Yes","No") -> No | D53: =+IF('1 Data Material DPP'!E53="—","—",IF('1 Data Material DPP'!E53<>"","Yes","No")) -> — | E53: =+'1 Data Material DPP'!F53 -> 0 | F53: =IF(AND(C53="Yes",OR(D53="Yes",D53="—")),"No","Yes") -> Yes | G53: BIM parameter | H53: After IFC exporting
A54: 6. Safety and Compliance | B54: =+'1 Data Material DPP'!B54 -> HPD | C54: =IF('1 Data Material DPP'!C54<>"","Yes","No") -> Yes | D54: =+IF('1 Data Material DPP'!E54="—","—",IF('1 Data Material DPP'!E54<>"","Yes","No")) -> Yes | E54: =+'1 Data Material DPP'!F54 -> By manufacturer | F54: =IF(AND(C54="Yes",OR(D54="Yes",D54="—")),"No","Yes") -> No
B55: =+'1 Data Material DPP'!B55 -> Link HPD | C55: =IF('1 Data Material DPP'!C55<>"","Yes","No") -> Yes | D55: =+IF('1 Data Material DPP'!E55="—","—",IF('1 Data Material DPP'!E55<>"","Yes","No")) -> — | E55: =+'1 Data Material DPP'!F55 -> By manufacturer | F55: =IF(AND(C55="Yes",OR(D55="Yes",D55="—")),"No","Yes") -> No
B56: =+'1 Data Material DPP'!B56 -> Hazard classification | C56: =IF('1 Data Material DPP'!C56<>"","Yes","No") -> Yes | D56: =+IF('1 Data Material DPP'!E56="—","—",IF('1 Data Material DPP'!E56<>"","Yes","No")) -> Yes | E56: =+'1 Data Material DPP'!F56 -> Technical data sheet 06/2025 (Range GHS) | F56: =IF(AND(C56="Yes",OR(D56="Yes",D56="—")),"No","Yes") -> No
B57: =+'1 Data Material DPP'!B57 -> PM | C57: =IF('1 Data Material DPP'!C57<>"","Yes","No") -> No | D57: =+IF('1 Data Material DPP'!E57="—","—",IF('1 Data Material DPP'!E57<>"","Yes","No")) -> No | E57: =+'1 Data Material DPP'!F57 -> 0 | F57: =IF(AND(C57="Yes",OR(D57="Yes",D57="—")),"No","Yes") -> Yes | G57: Calculate | H57: Sum of PM of avalable stages / funtional unit (See formula file)
B58: =+'1 Data Material DPP'!B58 -> IRP | C58: =IF('1 Data Material DPP'!C58<>"","Yes","No") -> No | D58: =+IF('1 Data Material DPP'!E58="—","—",IF('1 Data Material DPP'!E58<>"","Yes","No")) -> No | E58: =+'1 Data Material DPP'!F58 -> 0 | F58: =IF(AND(C58="Yes",OR(D58="Yes",D58="—")),"No","Yes") -> Yes | G58: Calculate | H58: Sum of IRP of avalable stages / funtional unit (See formula file)
B59: =+'1 Data Material DPP'!B59 -> ETP-fw | C59: =IF('1 Data Material DPP'!C59<>"","Yes","No") -> No | D59: =+IF('1 Data Material DPP'!E59="—","—",IF('1 Data Material DPP'!E59<>"","Yes","No")) -> No | E59: =+'1 Data Material DPP'!F59 -> 0 | F59: =IF(AND(C59="Yes",OR(D59="Yes",D59="—")),"No","Yes") -> Yes | G59: Calculate | H59: Sum of ETP-fw of avalable stages / funtional unit (See formula file)
B60: =+'1 Data Material DPP'!B60 -> HTP-c | C60: =IF('1 Data Material DPP'!C60<>"","Yes","No") -> No | D60: =+IF('1 Data Material DPP'!E60="—","—",IF('1 Data Material DPP'!E60<>"","Yes","No")) -> No | E60: =+'1 Data Material DPP'!F60 -> 0 | F60: =IF(AND(C60="Yes",OR(D60="Yes",D60="—")),"No","Yes") -> Yes | G60: Calculate | H60: Sum of HTP-c of avalable stages / funtional unit (See formula file)
B61: =+'1 Data Material DPP'!B61 -> HTP-nc | C61: =IF('1 Data Material DPP'!C61<>"","Yes","No") -> No | D61: =+IF('1 Data Material DPP'!E61="—","—",IF('1 Data Material DPP'!E61<>"","Yes","No")) -> No | E61: =+'1 Data Material DPP'!F61 -> 0 | F61: =IF(AND(C61="Yes",OR(D61="Yes",D61="—")),"No","Yes") -> Yes | G61: Calculate | H61: Sum of HTP-nc of avalable stages / funtional unit (See formula file)
B62: =+'1 Data Material DPP'!B62 -> SQP | C62: =IF('1 Data Material DPP'!C62<>"","Yes","No") -> No | D62: =+IF('1 Data Material DPP'!E62="—","—",IF('1 Data Material DPP'!E62<>"","Yes","No")) -> No | E62: =+'1 Data Material DPP'!F62 -> 0 | F62: =IF(AND(C62="Yes",OR(D62="Yes",D62="—")),"No","Yes") -> Yes | G62: Calculate | H62: Sum of SQP of avalable stages / funtional unit (See formula file)
B63: =+'1 Data Material DPP'!B63 -> Toxicity | C63: =IF('1 Data Material DPP'!C63<>"","Yes","No") -> Yes | D63: =+IF('1 Data Material DPP'!E63="—","—",IF('1 Data Material DPP'!E63<>"","Yes","No")) -> Yes | E63: =+'1 Data Material DPP'!F63 -> Technical data sheet 06/2025 | F63: =IF(AND(C63="Yes",OR(D63="Yes",D63="—")),"No","Yes") -> No
B64: =+'1 Data Material DPP'!B64 -> Class | C64: =IF('1 Data Material DPP'!C64<>"","Yes","No") -> Yes | D64: =+IF('1 Data Material DPP'!E64="—","—",IF('1 Data Material DPP'!E64<>"","Yes","No")) -> No | E64: =+'1 Data Material DPP'!F64 -> Technical data sheet 06/2025 | F64: =IF(AND(C64="Yes",OR(D64="Yes",D64="—")),"No","Yes") -> Yes | G64: Literature | H64: Range DIN EN 13501-1
B65: =+'1 Data Material DPP'!B65 -> s-subclass | C65: =IF('1 Data Material DPP'!C65<>"","Yes","No") -> Yes | D65: =+IF('1 Data Material DPP'!E65="—","—",IF('1 Data Material DPP'!E65<>"","Yes","No")) -> No | E65: =+'1 Data Material DPP'!F65 -> Technical data sheet 06/2025 | F65: =IF(AND(C65="Yes",OR(D65="Yes",D65="—")),"No","Yes") -> Yes | G65: Literature | H65: Range DIN EN 13501-1
B66: =+'1 Data Material DPP'!B66 -> d_subclass | C66: =IF('1 Data Material DPP'!C66<>"","Yes","No") -> Yes | D66: =+IF('1 Data Material DPP'!E66="—","—",IF('1 Data Material DPP'!E66<>"","Yes","No")) -> No | E66: =+'1 Data Material DPP'!F66 -> Technical data sheet 06/2025 | F66: =IF(AND(C66="Yes",OR(D66="Yes",D66="—")),"No","Yes") -> Yes | G66: Literature | H66: Range DIN EN 13501-1
B67: =+'1 Data Material DPP'!B67 -> Fire resistance | C67: =IF('1 Data Material DPP'!C67<>"","Yes","No") -> Yes | D67: =+IF('1 Data Material DPP'!E67="—","—",IF('1 Data Material DPP'!E67<>"","Yes","No")) -> No | E67: =+'1 Data Material DPP'!F67 -> Technical data sheet 06/2025 | F67: =IF(AND(C67="Yes",OR(D67="Yes",D67="—")),"No","Yes") -> Yes | G67: Literature | H67: Range DIN EN 13501-1
B68: =+'1 Data Material DPP'!B68 -> Coatings | C68: =IF('1 Data Material DPP'!C68<>"","Yes","No") -> Yes | D68: =+IF('1 Data Material DPP'!E68="—","—",IF('1 Data Material DPP'!E68<>"","Yes","No")) -> Yes | E68: =+'1 Data Material DPP'!F68 -> Technical data sheet 06/2025 | F68: =IF(AND(C68="Yes",OR(D68="Yes",D68="—")),"No","Yes") -> No
B69: =+'1 Data Material DPP'!B69 -> Coatings or treatments | C69: =IF('1 Data Material DPP'!C69<>"","Yes","No") -> Yes | D69: =+IF('1 Data Material DPP'!E69="—","—",IF('1 Data Material DPP'!E69<>"","Yes","No")) -> No | E69: =+'1 Data Material DPP'!F69 -> Technical data sheet 06/2025 | F69: =IF(AND(C69="Yes",OR(D69="Yes",D69="—")),"No","Yes") -> Yes | G69: Literature | H69: If statement - see formula file (Nc)
B70: =+'1 Data Material DPP'!B70 -> Compliance certificates | C70: =IF('1 Data Material DPP'!C70<>"","Yes","No") -> Yes | D70: =+IF('1 Data Material DPP'!E70="—","—",IF('1 Data Material DPP'!E70<>"","Yes","No")) -> Yes | E70: =+'1 Data Material DPP'!F70 -> General type approval from DIBT (German Institute for Building Technology) | F70: =IF(AND(C70="Yes",OR(D70="Yes",D70="—")),"No","Yes") -> No
A71: 7. Cultural and Sensory Information | B71: =+'1 Data Material DPP'!B71 -> Material perception & sensory qualities | C71: =IF('1 Data Material DPP'!C71<>"","Yes","No") -> No | D71: =+IF('1 Data Material DPP'!E71="—","—",IF('1 Data Material DPP'!E71<>"","Yes","No")) -> No | E71: =+'1 Data Material DPP'!F71 -> 0 | F71: =IF(AND(C71="Yes",OR(D71="Yes",D71="—")),"No","Yes") -> Yes | G71: Direct Observation
B72: =+'1 Data Material DPP'!B72 -> Cultural or regional relevance | C72: =IF('1 Data Material DPP'!C72<>"","Yes","No") -> No | D72: =+IF('1 Data Material DPP'!E72="—","—",IF('1 Data Material DPP'!E72<>"","Yes","No")) -> No | E72: =+'1 Data Material DPP'!F72 -> 0 | F72: =IF(AND(C72="Yes",OR(D72="Yes",D72="—")),"No","Yes") -> Yes | G72: Literature
B73: =+'1 Data Material DPP'!B73 -> Aesthetic evolution | C73: =IF('1 Data Material DPP'!C73<>"","Yes","No") -> No | D73: =+IF('1 Data Material DPP'!E73="—","—",IF('1 Data Material DPP'!E73<>"","Yes","No")) -> No | E73: =+'1 Data Material DPP'!F73 -> 0 | F73: =IF(AND(C73="Yes",OR(D73="Yes",D73="—")),"No","Yes") -> Yes | G73: Translated material properties | H73: Score based range: 1 (No expressive value: generic, invisible, or industrial look) to 5 (High expressive value: strong visual/tactile identity, culturally resonant)
B74: =+'1 Data Material DPP'!B74 -> Material Comfort | C74: =IF('1 Data Material DPP'!C74<>"","Yes","No") -> No | D74: =+IF('1 Data Material DPP'!E74="—","—",IF('1 Data Material DPP'!E74<>"","Yes","No")) -> No | E74: =+'1 Data Material DPP'!F74 -> 0 | F74: =IF(AND(C74="Yes",OR(D74="Yes",D74="—")),"No","Yes") -> Yes | G74: Literature
B75: =+'1 Data Material DPP'!B75 -> Craft or community engagement | C75: =IF('1 Data Material DPP'!C75<>"","Yes","No") -> No | D75: =+IF('1 Data Material DPP'!E75="—","—",IF('1 Data Material DPP'!E75<>"","Yes","No")) -> No | E75: =+'1 Data Material DPP'!F75 -> 0 | F75: =IF(AND(C75="Yes",OR(D75="Yes",D75="—")),"No","Yes") -> Yes | G75: Literature | H75: Score based range: 1 (No craft value: mass-industrial, requires machines, no local know-how) to 5 (High craft value: accessible, fosters community building, ties to traditional skills)
A76: 8. Economic and Cost Information | B76: =+'1 Data Material DPP'!B76 -> Material unit cost | C76: =IF('1 Data Material DPP'!C76<>"","Yes","No") -> Yes | D76: =+IF('1 Data Material DPP'!E76="—","—",IF('1 Data Material DPP'!E76<>"","Yes","No")) -> Yes | E76: =+'1 Data Material DPP'!F76 -> Price list provided by manufacturer | F76: =IF(AND(C76="Yes",OR(D76="Yes",D76="—")),"No","Yes") -> No
B77: =+'1 Data Material DPP'!B77 -> Economic circularity benefit | C77: =IF('1 Data Material DPP'!C77<>"","Yes","No") -> No | D77: =+IF('1 Data Material DPP'!E77="—","—",IF('1 Data Material DPP'!E77<>"","Yes","No")) -> No | E77: =+'1 Data Material DPP'!F77 -> 0 | F77: =IF(AND(C77="Yes",OR(D77="Yes",D77="—")),"No","Yes") -> Yes | G77: Calculate
B78: =+'1 Data Material DPP'!B78 -> Replacement cost | C78: =IF('1 Data Material DPP'!C78<>"","Yes","No") -> No | D78: =+IF('1 Data Material DPP'!E78="—","—",IF('1 Data Material DPP'!E78<>"","Yes","No")) -> No | E78: =+'1 Data Material DPP'!F78 -> 0 | F78: =IF(AND(C78="Yes",OR(D78="Yes",D78="—")),"No","Yes") -> Yes | G78: Literature

Sheet 2 Data DPP Material
A1: Category | B1: Parameter | C1: Data | D1: Unit | E1: Range | F1: Source | G1: Filled?
A2: 1. Identification and General Information | B2: ='[1]DPP Categories'!B2 -> Product Name | C2: Hempstone | D2: — | E2: — | F2: Technical data sheet 06/2025 | G2: =IF(AND(C2<>"",E2<>""),"Yes","No") -> Yes
B3: ='[1]DPP Categories'!B3 -> Product ID | C3: Z-17.25-1299 | D3: ID | E3: — | F3: German general type approval | G3: =IF(AND(C3<>"",E3<>""),"Yes","No") -> Yes
B4: ='[1]DPP Categories'!B4 -> Object number | D4: GUID | E4: — | F4: BIM parameter | G4: =IF(AND(C4<>"",E4<>""),"Yes","No") -> No
B5: ='[1]DPP Categories'!B5 -> Material Type | C5: Type II | D5: — | E5: Type I (Ingredients); Type II (Modular); Type III (Sub-Components) | F5: Waterman materials passport framework 2023 | G5: =IF(AND(C5<>"",E5<>""),"Yes","No") -> Yes
B6: ='[1]DPP Categories'!B6 -> Manufacturer | C6: Schönthaler Bausteinwerk GmbH | D6: — | E6: — | F6: German general type approval | G6: =IF(AND(C6<>"",E6<>""),"Yes","No") -> Yes
B7: ='[1]DPP Categories'!B10 -> Traceability ID | E7: — | G7: =IF(AND(C7<>"",E7<>""),"Yes","No") -> No
B8: ='[1]DPP Categories'!B11 -> Origin | C8: 39020 Oris (BZ) | D8: — | E8: — | F8: German general type approval | G8: =IF(AND(C8<>"",E8<>""),"Yes","No") -> Yes
B9: ='[1]DPP Categories'!B12 -> Version number | C9: HKZ 335 | D9: No. | E9: HKZ 335 - HKZ 360 | F9: Assigned | G9: =IF(AND(C9<>"",E9<>""),"Yes","No") -> Yes
A10: 2. Physical and Technical Properties | B10: ='[1]DPP Categories'!B13 -> Material | C10: Infill masonry made of hemp stones | D10: — | E10: — | F10: BIM parameter | G10: =IF(AND(C10<>"",E10<>""),"Yes","No") -> Yes
B11: ='[1]DPP Categories'!B15 -> Composition | C11: Hemp-lime composite | D11: — | E11: Hemp-clay; Hemp-cement; Hemp-biopolymer; Hemp-MgO | F11: Technical data sheet 06/2025 (Range by Steyn et al., 2025; Barbhuiya & Bhusan, 2022) | G11: =IF(AND(C11<>"",E12<>""),"Yes","No") -> Yes
B12: ='[1]DPP Categories'!B16 -> Dimensions | C12: 8x50x20 | D12: cm | E12: 6x22x11; 8x50x20; 12x55x20; 15x50x20; 20x55x20; 24x55x20; 38x55x20; 44x55x20 | F12: Technical data sheet 2017 | G12: =IF(AND(C12<>"",E12<>""),"Yes","No") -> Yes
B13: ='[1]DPP Categories'!B17 -> Height | C13: 200 | D13: mm | E13: 200 - 300 | F13: BIM parameter (Range by standard masonry formats) | G13: =IF(AND(C13<>"",E13<>""),"Yes","No") -> Yes
B14: ='[1]DPP Categories'!B18 -> Length | C14: 80 | D14: mm | E14: 100 - 250 | F14: BIM parameter (Range by standard masonry formats) | G14: =IF(AND(C14<>"",E14<>""),"Yes","No") -> Yes
B15: ='[1]DPP Categories'!B19 -> Width | C15: 500 | D15: mm | E15: 300 - 600 | F15: BIM parameter (Range by standard masonry formats) | G15: =IF(AND(C15<>"",E15<>""),"Yes","No") -> Yes
B16: ='[1]DPP Categories'!B20 -> Volume | C16: =+(C13/1000)*(C14/1000)*(C15/1000) -> 0.008 | D16: — | E16: 0.006 - 0.036 | F16: Calculated | G16: =IF(AND(C16<>"",E16<>""),"Yes","No") -> Yes
B17: ='[1]DPP Categories'!B21 -> Dry density | C17: 335 | D17: kg/m³ | E17: 310-360 | F17: EPD 2025 | G17: =IF(AND(C17<>"",E17<>""),"Yes","No") -> Yes
B18: ='[1]DPP Categories'!B22 -> Equilibrium density | C18: 405 | D18: kg/m³ | E18: 390-450 | F18: EPD 2025 | G18: =IF(AND(C18<>"",E18<>""),"Yes","No") -> Yes
B19: ='[1]DPP Categories'!B23 -> Weight | C19: =+C17*C16 -> 2.68 | D19: Kg | E19: 6.00 - 15.00 | F19: Calculated | G19: =IF(AND(C19<>"",E19<>""),"Yes","No") -> Yes
B20: ='[1]DPP Categories'!B24 -> Compressive strength | C20: 0.5 | D20: Mpa | E20: 0.06-0.8 | F20: Technical data sheet 06/2025 (Range by Steyn et al., 2025; Asghari & Memari, 2024) | G20: =IF(AND(C20<>"",E20<>""),"Yes","No") -> Yes
B21: ='[1]DPP Categories'!B25 -> Shear strength | C21: 0.12 | D21: Mpa | E21: 0.08-0.15 | F21: Hempblock brochure (Range by Steyn et al., 2025; Brzyski et al., 2020) | G21: =IF(AND(C21<>"",E21<>""),"Yes","No") -> Yes
B22: ='[1]DPP Categories'!B31 -> Water vapour diffusion resistance when wet | C22: 3.8 | D22: μ | E22: 4.9 - 5.7 | F22: Technical data sheet 06/2025 (Range by Brzyski et al., 2020) | G22: =IF(AND(C22<>"",E22<>""),"Yes","No") -> Yes
B23: ='[1]DPP Categories'!B32 -> Water vapour diffusion resistance when dry | C23: 4.3 | D23: μ | E23: 12.2 - 12.4 | F23: Technical data sheet 06/2025 (Range by Brzyski et al., 2020) | G23: =IF(AND(C23<>"",E23<>""),"Yes","No") -> Yes
B24: ='[1]DPP Categories'!B33 -> Water vapour absorption resistance | C24: 19 | D24: d[g/m²vh] | E24: — | F24: Technical data sheet 06/2025 | G24: =IF(AND(C24<>"",E24<>""),"Yes","No") -> Yes
B25: ='[1]DPP Categories'!B34 -> Standard compliance | C25: Yes | D25: — | E25: Yes/No | F25: German general type approval | G25: =IF(AND(C25<>"",E25<>""),"Yes","No") -> Yes
A26: 3. Circularity and End-of-Life Information | B26: ='[1]DPP Categories'!B37 -> Prefabrication | C26: Yes | D26: — | E26: Yes/No | F26: Report for KBOB list | G26: =IF(AND(C26<>"",E26<>""),"Yes","No") -> Yes
B27: ='[1]DPP Categories'!B38 -> Prefabrication factor | C27: =+IF(C26="Yes",1,0) -> 1 | D27: Score | E27: 1 (Yes) - 0 (No) | F27: Range Atta et al. 2021 | G27: =IF(AND(C27<>"",E27<>""),"Yes","No") -> Yes
B28: ='[1]DPP Categories'!B39 -> Deconstructability score | C28: =+(0+C27)/2 -> 0.5 | D28: Score | E28: 0.0-1.0 | F28: Range Atta et al. 2021 | G28: =IF(AND(C28<>"",E28<>""),"Yes","No") -> Yes
B29: ='[1]DPP Categories'!B40 -> Recycling potential | C29: 100 | D29: % | E29: 1-100% | F29: Technical data sheet 2017 | G29: =IF(AND(C29<>"",E29<>""),"Yes","No") -> Yes
B30: ='[1]DPP Categories'!B41 -> Reusability | C30: No | D30: — | E30: Yes/No | F30: EPD 2025 | G30: =IF(AND(C30<>"",E30<>""),"Yes","No") -> Yes
B31: ='[1]DPP Categories'!B42 -> Reusability potential | C31: =+IF(C30="Yes",1,0) -> 0 | D31: Score | E31: 0-1 | F31: Range Atta et al. 2021 | G31: =IF(AND(C31<>"",E31<>""),"Yes","No") -> Yes
B32: ='[1]DPP Categories'!B43 -> Recovery score | C32: =+((C29/100)+C31+(IF(C63="No",1,0))+(IF(C69="No",1,0)))/4 -> 0.5 | D32: Score | E32: 0.0-1.0 | F32: Range Atta et al. 2021 | G32: =IF(AND(C32<>"",E32<>""),"Yes","No") -> Yes
B33: ='[1]DPP Categories'!B44 -> Disassembly potential | C33: 3 | D33: Score | E33: 1 (Dificult)- 2 (Moderate)- 3 (Easy) | F33: Range assigned | G33: =IF(AND(C33<>"",E33<>""),"Yes","No") -> Yes
B34: ='[1]DPP Categories'!B45 -> Disassembly instructions | C34: Mechanical dismantling: Crushing and Sieving for Recycling | D34: — | E34: Manual dismantling; Semi-Mechanical Disassembly; Thermal Disassembly; Chemical Disassembly; Demolition; Modular Disassembly | F34: EPD 2025 (Range by ISO 20887:2020) | G34: =IF(AND(C34<>"",E34<>""),"Yes","No") -> Yes
B35: ='[1]DPP Categories'!B46 -> Secondary use scenarios | C35: Reused on the construction site for applications requiring increased density, such as floor material | D35: — | E35: Direc reuse; Partial reuse; Reprocessing into aggregare; Soil amendment; Upcycling into thermal or acoustic insulation; Upcycling into new composites or panels; Backfilling | F35: EPD 2025 (Range by European Commission 2020, LEVEL(s)) | G35: =IF(AND(C35<>"",E35<>""),"Yes","No") -> Yes
B36: ='[1]DPP Categories'!B47 -> End-of-life recommendation | C36: Composting and soil improvement; Disposal via incineration | D36: — | E36: Biological recovery; Material recyclcing; Energy recovery; Landfill disposal | F36: EPD 2025 (Range by EN 15804:2012 +A2:2019) | G36: =IF(AND(C36<>"",E36<>""),"Yes","No") -> Yes
A37: 4. Environmental Performance and LCA Data | B37: ='[1]DPP Categories'!B48 -> EPD | C37: Yes | D37: — | E37: Yes/No | F37: By manufacturer | G37: =IF(AND(C37<>"",E37<>""),"Yes","No") -> Yes
B38: ='[1]DPP Categories'!B49 -> Link EPD | C38: https://www.bau-epd.at/epd/data/schoenthaler-bausteinwerk-gmbh-hanfsteine-ecoinvent-2025 | D38: URL | E38: — | F38: By manufacturer | G38: =IF(AND(C38<>"",E38<>""),"Yes","No") -> Yes
B39: ='[1]DPP Categories'!B50 -> Global Warming Potential (GWP) | C39: =167.4*C16 -> 1.3392 | D39: kg CO₂eq./ Block | E39: -6.6 - 3.8 | F39: Calculated from EPD (Range derived from published volumetric ranges (≈ −184 to +105 kg CO₂e/m³)) | G39: =IF(AND(C39<>"",E39<>""),"Yes","No") -> Yes
B40: ='[1]DPP Categories'!B51 -> Primary Energy Intensity (PEI) Renewable | C40: =2301.09*C16 -> 18.40872 | D40: MJ | E40: 10 - 30 | F40: Calculated from EPD (Range corresponds to ≈ 2.5 – 3.5 MJ/kg embodied energy for densities of 300–330 kg/m3) | G40: =IF(AND(C40<>"",E40<>""),"Yes","No") -> Yes
B41: ='[1]DPP Categories'!B52 -> Primary Energy Intensity (PEI) Non-renewable | C41: =2128.36*C16 -> 17.02688 | D41: MJ | E41: 8 - 25 | F41: Calculated from EPD (Range corresponds to ≈ 2.5 – 3.5 MJ/kg embodied energy for densities of 300–330 kg/m3) | G41: =IF(AND(C41<>"",E41<>""),"Yes","No") -> Yes
B42: ='[1]DPP Categories'!B53 -> Acidification Potential (AP) | C42: =+(0.9974*0.03125)*C16 -> 0.00024935 | D42: kg SO₂ eq. | E42: 0.0001 - 0.0006 | F42: Calculated from EPD (Rage based on reported values of 74–143 g SO₂ eq./m² of wall scaled to typical hempcrete block volumes) | G42: =IF(AND(C42<>"",E42<>""),"Yes","No") -> Yes
B43: ='[1]DPP Categories'!B54 -> Embodied carbon | C43: =-218*C16 -> -1.744 | D43: kg CO₂eq./ Block | E43: -2.5 - 2.0 | F43: Calculated from EPD (Range based on based on published LCAs of hempcrete walls and prefabricated blocks in the UK, France, and Italy) | G43: =IF(AND(C43<>"",E43<>""),"Yes","No") -> Yes
B44: ='[1]DPP Categories'!B55 -> Biogenic carbon storage | C44: =56.1*C16 -> 0.4488 | D44: kg CO₂eq./ Block | E44: 0.2 - 0.8 | F44: Calculated from EPD (Range based on studies quantifying carbon sequestration through photosynthesis and lime carbonation) | G44: =IF(AND(C44<>"",E44<>""),"Yes","No") -> Yes
B45: ='[1]DPP Categories'!B56 -> End-of-life emissions | C45: =222.15*C16 -> 1.7772 | D45: kg CO₂eq./ Block | E45: 1.0 - 2.5 | F45: Calculated from EPD (Range based on scenarios assuming incineration, composting, or partial mineralization at disposal) | G45: =IF(AND(C45<>"",E45<>""),"Yes","No") -> Yes
B46: ='[1]DPP Categories'!B57 -> Circularity index | C46: =+(0.7)*100 -> 70 | D46: % | E46: 0-100 | F46: Range assigned | G46: =IF(AND(C46<>"",E46<>""),"Yes","No") -> Yes
B47: ='[1]DPP Categories'!B58 -> Normalized environmental performance | C47: =1-(C39/(167.4)) -> 0.992 | D47: Score | E47: 0.0-1.0 | F47: Range Atta et al. 2021 | G47: =IF(AND(C47<>"",E47<>""),"Yes","No") -> Yes
B48: ='[1]DPP Categories'!B59 -> Secondary life weighting | C48: =+C32*(1-0.5)+0.5 -> 0.75 | D48: Score | E48: 0.0-1.0 | F48: Range Atta et al. 2021 | G48: =IF(AND(C48<>"",E48<>""),"Yes","No") -> Yes
B49: ='[1]DPP Categories'!B60 -> Environmental score | C49: =+C47*C48 -> 0.744 | D49: Score | E49: 0.0-1.0 | F49: Range Atta et al. 2021 | G49: =IF(AND(C49<>"",E49<>""),"Yes","No") -> Yes
A50: 5. Condition, Maintenance, and Temporal Data | B50: ='[1]DPP Categories'!B61 -> Service life | C50: 100 | D50: years | E50: 100 - 300 | F50: Technical data sheet 06/2025 (Expected real lifespan under proper maintenance and protection: coatings, controlled RH < 70%) | G50: =IF(AND(C50<>"",E50<>""),"Yes","No") -> Yes
B51: ='[1]DPP Categories'!B63 -> Soursing distance | C51: <500 | D51: km | E51: < 100 - 500 | F51: By manufacturer (Benchmark of regional or local soursing in some PCRs) | G51: =IF(AND(C51<>"",E51<>""),"Yes","No") -> Yes
B52: ='[1]DPP Categories'!B64 -> Warranty | C52: No | D52: — | E52: Yes/No | F52: By manufacturer | G52: =IF(AND(C52<>"",E52<>""),"Yes","No") -> Yes
B53: ='[1]DPP Categories'!B66 -> Update history | D53: Date | E53: — | G53: =IF(AND(C53<>"",E53<>""),"Yes","No") -> No
A54: 6. Safety and Compliance | B54: ='[1]DPP Categories'!B67 -> HPD | C54: No | D54: — | E54: Yes/No | F54: By manufacturer | G54: =IF(AND(C54<>"",E54<>""),"Yes","No") -> Yes
B55: ='[1]DPP Categories'!B68 -> Link HPD | C55: — | D55: URL | E55: — | F55: By manufacturer | G55: =IF(AND(C55<>"",E55<>""),"Yes","No") -> Yes
B56: ='[1]DPP Categories'!B69 -> Hazard classification | C56: Not classified as hazardous | D56: — | E56: Category 1- 4 | F56: Technical data sheet 06/2025 (Range GHS) | G56: =IF(AND(C56<>"",E56<>""),"Yes","No") -> Yes
B57: ='[1]DPP Categories'!B70 -> PM | C57: =+(0.0000284)*$C$16 -> 2.272e-07 | D57: CTUh per block | E57: 1.0E-7 - 5.0E-7 | F57: EPD 2025 (Total stages A1-A5+ C1-C3+ D) (Range based on comparative LCAs and EPD datasets of hemp-lime wall systems and other bio-based materials) | G57: =IF(AND(C57<>"",E57<>""),"Yes","No") -> Yes
B58: ='[1]DPP Categories'!B71 -> IRP | C58: =+(2.03)*$C$16 -> 0.01624 | D58: kBq U-235 eq per block | E58: 0.01 - 0.05 | F58: EPD 2025 (Total stages A1-A5+ C1-C3+ D) (Range based on comparative LCAs and EPD datasets of hemp-lime wall systems and other bio-based materials) | G58: =IF(AND(C58<>"",E58<>""),"Yes","No") -> Yes
B59: ='[1]DPP Categories'!B72 -> ETP-fw | C59: =+(1533.321)*$C$16 -> 12.266568 | D59: CTUe (Block) | E59: 8 - 20 | F59: EPD 2025 (Total stages A1-A5+ C1-C3+ D) (Range based on comparative LCAs and EPD datasets of hemp-lime wall systems and other bio-based materials) | G59: =IF(AND(C59<>"",E59<>""),"Yes","No") -> Yes
B60: ='[1]DPP Categories'!B73 -> HTP-c | C60: =+(0.0000000883856)*$C$16 -> 7.070848e-10 | D60: CTUh (Block) | E60: 1.0E-10 - 1.0E-9 | F60: EPD 2025 (Total stages A1-A5+ C1-C3+ D) (Range based on comparative LCAs and EPD datasets of hemp-lime wall systems and other bio-based materials) | G60: =IF(AND(C60<>"",E60<>""),"Yes","No") -> Yes
B61: ='[1]DPP Categories'!B74 -> HTP-nc | C61: =+(0.00000288667)*$C$16 -> 2.309336e-08 | D61: CTUh (Block) | E61: 1.0E-8 - 1.0E-7 | F61: EPD 2025 (Total stages A1-A5+ C1-C3+ D) (Range based on comparative LCAs and EPD datasets of hemp-lime wall systems and other bio-based materials) | G61: =IF(AND(C61<>"",E61<>""),"Yes","No") -> Yes
B62: ='[1]DPP Categories'!B75 -> SQP | C62: =+(7840)*$C$16 -> 62.72 | D62: — | E62: 40 - 90 | F62: EPD 2025 (Total stages A1-A5+ C1-C3+ D) (Range based on comparative LCAs and EPD datasets of hemp-lime wall systems and other bio-based materials) | G62: =IF(AND(C62<>"",E62<>""),"Yes","No") -> Yes
B63: ='[1]DPP Categories'!B76 -> Toxicity | C63: No | D63: — | E63: Yes/No | F63: Technical data sheet 06/2025 | G63: =IF(AND(C63<>"",E63<>""),"Yes","No") -> Yes
B64: ='[1]DPP Categories'!B77 -> Class | C64: B (Very limited contribution to fire) | D64: — | E64: A-F (Non combustible to No performance determined) | F64: Technical data sheet 06/2025 (Range DIN EN 13501-1) | G64: =IF(AND(C64<>"",E64<>""),"Yes","No") -> Yes
B65: ='[1]DPP Categories'!B78 -> s-subclass | C65: s1 (Little or no smoke) | D65: — | E65: s1-s3 (Little or no smoke to Hight smoke prodcution) | F65: Technical data sheet 06/2025 (Range DIN EN 13501-1) | G65: =IF(AND(C65<>"",E65<>""),"Yes","No") -> Yes
B66: ='[1]DPP Categories'!B79 -> d_subclass | C66: d0 (No flaming droplets or particles) | D66: — | E66: d0-d2 (No to significante flaming droplets or particles) | F66: Technical data sheet 06/2025 (Range DIN EN 13501-1) | G66: =IF(AND(C66<>"",E66<>""),"Yes","No") -> Yes
B67: ='[1]DPP Categories'!B80 -> Fire resistance | C67: B-s1; d0 | D67: — | E67: A1;A2-s1,d0;A2-s3,d2;B-s1,d0;B-s3,d2;C-s1,d0;C-s3,d2;D-s1,d0;D-s3,d2;E-d2;F | F67: Technical data sheet 06/2025 (Range DIN EN 13501-1) | G67: =IF(AND(C67<>"",E67<>""),"Yes","No") -> Yes
B68: ='[1]DPP Categories'!B81 -> Coatings | C68: Yes | D68: — | E68: Yes/No | F68: Technical data sheet 06/2025 | G68: =IF(AND(C68<>"",E68<>""),"Yes","No") -> Yes
B69: ='[1]DPP Categories'!B82 -> Coatings or treatments | C69: breathable, vapor-permeable coatings, including lime-based plaster and natural mineral paints | D69: — | E69: lime, clay, silicate, and occasionally bio-based mineral coatings | F69: Technical data sheet 06/2025 (Range by Kinnane et al., 2016) | G69: =IF(AND(C69<>"",E69<>""),"Yes","No") -> Yes
B70: ='[1]DPP Categories'!B84 -> Compliance certificates | C70: Yes | D70: — | E70: Yes/No | F70: General type approval from DIBT (German Institute for Building Technology) | G70: =IF(AND(C70<>"",E70<>""),"Yes","No") -> Yes
A71: 7. Cultural and Sensory Information | B71: Color | C71: Natural Beige #D8C9A6 | D71: — | E71: Light beige; Pale grey; Soft brown | F71: Direct observation (Range depends on lime content, hemp shiv hue, and curing exposure) | G71: =IF(AND(C71<>"",E71<>""),"Yes","No") -> Yes
B72: Odor | C72: Mild, earthy, lime-fresh scent | D72: — | E72: Neutral; Mild earthy; Strong organic | F72: Direct observation (Range depends on time from initial reaction) | G72: =IF(AND(C72<>"",E72<>""),"Yes","No") -> Yes
B73: Texture | C73: Porous, fibrous, and dry to the touch | D73: — | E73: Smooth; Slightly rough; Coarse fibrous | F73: Direct observation (Range depends on mix and compaction) | G73: =IF(AND(C73<>"",E73<>""),"Yes","No") -> Yes
B74: Temperature to touch | C74: Feels thermally neutral or slightly warm | D74: — | E74: Cold; Neutral; Warm | F74: Direct observation (Range depends on porosity and effusivity) | G74: =IF(AND(C74<>"",E74<>""),"Yes","No") -> Yes
B75: Climate Suitability | C75: Varied | D75: — | E75: Climate specific - Climate adaptable | F75: Based on climatic performance studies and traditional building experience | G75: =IF(AND(C75<>"",E75<>""),"Yes","No") -> Yes
B76: Agriculatural Value | C76: High | D76: — | E76: Low value crop - High value crop | F76: Based on climatic performance studies and traditional building experience | G76: =IF(AND(C76<>"",E76<>""),"Yes","No") -> Yes
B77: Resourse Availability | C77: Regional | D77: — | E77: Scarce - Global | F77: Based on climatic performance studies and traditional building experience | G77: =IF(AND(C77<>"",E77<>""),"Yes","No") -> Yes
B78: Material Aging | C78: 4 | D78: Score | E78: 1.0 - 5.0 | F78: Translated material properties | G78: =IF(AND(C78<>"",E78<>""),"Yes","No") -> Yes
B79: Architectural Expression | C79: 4 | D79: Score | E79: 1.0 - 5.0 | F79: Translated material properties | G79: =IF(AND(C79<>"",E79<>""),"Yes","No") -> Yes
B80: Aesthetic Narratives | C80: 5 | D80: Score | E80: 1.0 - 5.0 | F80: Translated material properties | G80: =IF(AND(C80<>"",E80<>""),"Yes","No") -> Yes
B81: ='[1]DPP Categories'!B93 -> Material Comfort | C81: Non-toxic, breathable, natural aesthetics, supports psychological well-being. | D81: — | E81: Very poor (Releases harmfull susbtances, feels umpleasent) to Excellent (Safe, natural and pleasant) | F81: Based on experiential and traditional architectural practice, user perception, and the material’s natural aesthetic and tactile qualitie | G81: =IF(AND(C81<>"",E81<>""),"Yes","No") -> Yes
B82: =+'[2]1 DPP Data'!B82 -> Climate Suitability | C82: 2 | D82: Score | E82: 1.0 - 5.0 | F82: Based on climatic performance studies and traditional building experience | G82: =IF(AND(C82<>"",E82<>""),"Yes","No") -> Yes
B83: =+'[2]1 DPP Data'!B83 -> Agriculatural Value | C83: 4 | D83: Score | E83: 1.0 - 5.0 | F83: Based on climatic performance studies and traditional building experience | G83: =IF(AND(C83<>"",E83<>""),"Yes","No") -> Yes
A84: 8. Economic and Cost Information | B84: ='[1]DPP Categories'!B95 -> Material unit cost | C84: 3.8 | D84: €/Unit | E84: 0.80-15.50 | F84: Price list provided by manufacturer | G84: =IF(AND(C84<>"",E84<>""),"Yes","No") -> Yes
B85: ='[1]DPP Categories'!B98 -> Economic circularity benefit | C85: =+C84*0.1052 -> 0.39976 | D85: €/Unit | E85: 0.08 - 1.55 | F85: Assumed based on on-site reuse potential and processing demand | G85: =IF(AND(C85<>"",E85<>""),"Yes","No") -> Yes
B86: ='[1]DPP Categories'!B99 -> Replacement cost | C86: =+C84-C85 -> 3.40024 | D86: €/Unit | E86: 0.90 - 17.00 | F86: Assumed on price minus reuse potentian | G86: =IF(AND(C86<>"",E86<>""),"Yes","No") -> Yes
